Date,Flow,Amount,Category
2023-01-01,In,15793.36,Salary
2023-01-02,Out,261.96,Entertainment
2023-01-03,Out,195.95,Shopping
2023-01-04,Out,16.36,Transport
2023-01-08,Out,26.35,Transport
2023-01-09,Out,167.46,Grocery
2023-01-10,Out,33.29,Transport
2023-01-12,Out,34.75,Entertainment
2023-01-15,Out,93.68,Transport
2023-01-15,Out,344.39,Utilities
2023-01-16,Out,22.19,Shopping
2023-01-18,Out,107.44,Grocery
2023-01-19,Out,39.62,Shopping
2023-01-20,Out,181.27,Grocery
2023-01-23,Out,146.84,Grocery
2023-01-23,Out,40.4,Entertainment
2023-01-25,Out,8.74,Transport
2023-01-26,Out,32.61,Shopping
2023-01-27,Out,121.34,Grocery
2023-01-28,Out,9.58,Others
2023-01-29,Out,135.51,Grocery
2023-01-30,Out,21.97,Others
2023-01-31,Out,132.91,Grocery
2023-02-01,In,15475.87,Salary
2023-02-01,Out,2.82,Transport
2023-02-03,Out,187.11,Grocery
2023-02-06,Out,107.21,Grocery
2023-02-06,Out,20.8,Entertainment
2023-02-09,Out,135.2,Grocery
2023-02-09,Out,3.12,Others
2023-02-10,Out,93.14,Shopping
2023-02-11,Out,177.69,Grocery
2023-02-12,Out,122.42,Grocery
2023-02-13,Out,196.5,Grocery
2023-02-13,Out,9.03,Shopping
2023-02-15,Out,268.72,Utilities
2023-02-16,Out,134.33,Grocery
2023-02-18,Out,24.52,Shopping
2023-02-21,Out,13.22,Entertainment
2023-02-24,Out,27.33,Entertainment
2023-02-26,Out,102.93,Others
2023-02-26,Out,120.76,Grocery
2023-03-01,In,15868.84,Salary
2023-03-02,Out,173.61,Grocery
2023-03-07,Out,233.52,Grocery
2023-03-08,Out,149.06,Grocery
2023-03-09,Out,161.24,Others
2023-03-10,Out,146.28,Grocery
2023-03-12,Out,172.21,Grocery
2023-03-12,Out,142.85,Others
2023-03-13,Out,37.65,Entertainment
2023-03-15,Out,311.55,Utilities
2023-03-15,Out,54.79,Entertainment
2023-03-17,Out,125.73,Grocery
2023-03-18,Out,40.83,Entertainment
2023-03-23,Out,35.32,Entertainment
2023-03-25,Out,300.64,Entertainment
2023-03-26,Out,2.85,Entertainment
2023-03-29,Out,148.57,Grocery
2023-03-30,Out,165.56,Grocery
2023-03-31,Out,10.68,Entertainment
2023-04-01,Out,118.92,Shopping
2023-04-01,In,16306.51,Salary
2023-04-03,Out,185.07,Shopping
2023-04-03,Out,203.44,Grocery
2023-04-04,Out,129.68,Grocery
2023-04-06,Out,213.66,Grocery
2023-04-07,Out,180.97,Grocery
2023-04-07,Out,106.36,Transport
2023-04-08,Out,7.42,Entertainment
2023-04-10,Out,50.74,Shopping
2023-04-12,Out,223.41,Others
2023-04-13,Out,193.24,Grocery
2023-04-15,Out,228.21,Utilities
2023-04-15,Out,155.97,Grocery
2023-04-15,Out,66.1,Shopping
2023-04-17,Out,125.03,Shopping
2023-04-18,Out,243.68,Entertainment
2023-04-19,Out,18.12,Entertainment
2023-04-19,Out,131.99,Grocery
2023-04-20,Out,28.81,Entertainment
2023-04-20,Out,158.43,Grocery
2023-04-21,Out,22.65,Shopping
2023-04-22,Out,131.32,Grocery
2023-04-25,Out,166.55,Grocery
2023-05-01,In,15427.92,Salary
2023-05-01,Out,128.7,Grocery
2023-05-04,Out,176.84,Others
2023-05-07,Out,7.21,Others
2023-05-10,Out,51.15,Shopping
2023-05-11,Out,100.18,Transport
2023-05-12,Out,11.57,Entertainment
2023-05-15,Out,54.01,Entertainment
2023-05-15,Out,274.73,Utilities
2023-05-16,Out,34.73,Others
2023-05-17,Out,109.3,Grocery
2023-05-18,Out,92.37,Shopping
2023-05-21,Out,140.93,Grocery
2023-05-22,Out,149.86,Grocery
2023-05-22,Out,9.38,Transport
2023-05-24,Out,133.52,Grocery
2023-05-24,Out,56.37,Transport
2023-05-25,Out,262.69,Transport
2023-05-26,Out,193.91,Others
2023-05-27,Out,76.22,Grocery
2023-06-01,Out,146.67,Grocery
2023-06-01,In,15427.93,Salary
2023-06-02,Out,179.29,Grocery
2023-06-02,Out,46.73,Entertainment
2023-06-03,Out,126.05,Grocery
2023-06-03,Out,45.28,Shopping
2023-06-04,Out,126.07,Others
2023-06-05,Out,109.86,Grocery
2023-06-05,Out,5.94,Entertainment
2023-06-09,Out,147.79,Grocery
2023-06-10,Out,67.63,Shopping
2023-06-12,Out,2.81,Shopping
2023-06-13,Out,141.53,Grocery
2023-06-13,Out,150.03,Transport
2023-06-15,Out,308.32,Utilities
2023-06-16,Out,17.21,Transport
2023-06-18,Out,174.23,Grocery
2023-06-19,Out,9.04,Entertainment
2023-06-21,Out,127.12,Others
2023-06-23,Out,2.19,Shopping
2023-06-28,Out,97.21,Transport
2023-07-01,In,16334.61,Salary
2023-07-02,Out,149.56,Grocery
2023-07-02,Out,46.09,Entertainment
2023-07-03,Out,17.6,Shopping
2023-07-04,Out,173.89,Grocery
2023-07-04,Out,10.35,Shopping
2023-07-06,Out,89.43,Transport
2023-07-08,Out,16.02,Shopping
2023-07-09,Out,32.03,Entertainment
2023-07-10,Out,146.79,Grocery
2023-07-10,Out,33.97,Entertainment
2023-07-11,Out,7.26,Shopping
2023-07-12,Out,155.11,Shopping
2023-07-13,Out,152.04,Others
2023-07-14,Out,17.62,Shopping
2023-07-15,Out,248.24,Utilities
2023-07-15,Out,107.02,Entertainment
2023-07-17,Out,175.54,Grocery
2023-07-19,Out,120.36,Grocery
2023-07-20,Out,23.53,Transport
2023-07-21,Out,185.69,Grocery
2023-07-21,Out,57.48,Transport
2023-07-24,Out,57.77,Entertainment
2023-07-26,Out,30.87,Others
2023-07-29,Out,8.05,Entertainment
2023-07-31,Out,122.94,Others
2023-08-01,Out,55.76,Others
2023-08-01,In,15928.72,Salary
2023-08-04,Out,276.87,Entertainment
2023-08-05,Out,156.7,Grocery
2023-08-07,Out,110.06,Entertainment
2023-08-09,Out,156.48,Grocery
2023-08-10,Out,52.91,Shopping
2023-08-12,Out,201.27,Grocery
2023-08-12,Out,10.83,Shopping
2023-08-13,Out,86.54,Others
2023-08-14,Out,183.19,Grocery
2023-08-15,Out,338.58,Utilities
2023-08-18,Out,155.09,Grocery
2023-08-18,Out,5.16,Others
2023-08-19,Out,114.08,Shopping
2023-08-20,Out,13.4,Transport
2023-08-21,Out,75.33,Entertainment
2023-08-21,Out,152.68,Grocery
2023-08-24,Out,46.59,Entertainment
2023-08-26,Out,37.25,Entertainment
2023-08-28,Out,210.8,Shopping
2023-08-30,Out,149.62,Grocery
2023-09-01,In,15310.26,Salary
2023-09-02,Out,17.16,Entertainment
2023-09-05,Out,181.63,Grocery
2023-09-06,Out,19.53,Others
2023-09-06,Out,188.61,Grocery
2023-09-07,Out,68.43,Others
2023-09-08,Out,31.81,Shopping
2023-09-09,Out,19.34,Shopping
2023-09-11,Out,136.66,Grocery
2023-09-13,Out,203.46,Grocery
2023-09-14,Out,64.4,Entertainment
2023-09-15,Out,329.51,Utilities
2023-09-15,Out,140.12,Grocery
2023-09-15,Out,15.46,Shopping
2023-09-18,Out,30.62,Others
2023-09-20,Out,135.89,Grocery
2023-09-24,Out,144.27,Grocery
2023-09-25,Out,159.39,Grocery
2023-09-25,Out,27.99,Transport
2023-09-27,Out,119.48,Grocery
2023-09-28,Out,165.5,Grocery
2023-09-29,Out,150.02,Grocery
2023-09-30,Out,154.75,Grocery
2023-10-01,Out,146.55,Grocery
2023-10-01,In,15816.28,Salary
2023-10-01,Out,2.79,Entertainment
2023-10-03,Out,154.65,Grocery
2023-10-06,Out,30.53,Shopping
2023-10-07,Out,23.68,Entertainment
2023-10-11,Out,16.37,Shopping
2023-10-12,Out,152.96,Grocery
2023-10-12,Out,79.33,Shopping
2023-10-15,Out,293.48,Utilities
2023-10-16,Out,39.12,Shopping
2023-10-17,Out,6.7,Shopping
2023-10-18,Out,156.83,Transport
2023-10-20,Out,22.52,Entertainment
2023-10-21,Out,133.19,Transport
2023-10-23,Out,222.4,Entertainment
2023-10-24,Out,62.56,Shopping
2023-10-26,Out,23.47,Others
2023-10-28,Out,173.12,Entertainment
2023-10-28,Out,119.98,Grocery
2023-10-29,Out,184.27,Transport
2023-10-29,Out,205.62,Grocery
2023-10-31,Out,147.93,Grocery
2023-11-01,Out,22.96,Shopping
2023-11-01,Out,72.65,Grocery
2023-11-01,In,15313.29,Salary
2023-11-04,Out,145.26,Grocery
2023-11-04,Out,54.88,Others
2023-11-06,Out,110.55,Transport
2023-11-06,Out,174.2,Grocery
2023-11-07,Out,32.97,Transport
2023-11-09,Out,231.08,Entertainment
2023-11-10,Out,2.38,Others
2023-11-11,Out,157.08,Grocery
2023-11-12,Out,156.98,Grocery
2023-11-13,Out,32.49,Transport
2023-11-15,Out,222.1,Utilities
2023-11-16,Out,66.91,Shopping
2023-11-20,Out,137.99,Grocery
2023-11-25,Out,83.13,Others
2023-11-27,Out,89.66,Transport
2023-11-27,Out,174.55,Grocery
2023-11-28,Out,154.02,Grocery
2023-11-28,Out,41.08,Transport
2023-11-30,Out,132.42,Transport
2023-12-01,In,15312.14,Salary
2023-12-01,Out,61.69,Transport
2023-12-02,Out,118.73,Grocery
2023-12-03,Out,188.34,Grocery
2023-12-03,Out,58.16,Transport
2023-12-08,Out,136.87,Grocery
2023-12-09,Out,114.41,Grocery
2023-12-09,Out,4.06,Transport
2023-12-14,Out,8.78,Entertainment
2023-12-15,Out,339.31,Utilities
2023-12-16,Out,136.43,Grocery
2023-12-17,Out,234.98,Transport
2023-12-17,Out,142.65,Grocery
2023-12-18,Out,40.54,Others
2023-12-21,Out,38.51,Transport
2023-12-23,Out,14.57,Entertainment
2023-12-24,Out,123.51,Grocery
2023-12-26,Out,54.78,Others
2023-12-27,Out,37.84,Entertainment
2023-12-31,Out,82.63,Grocery
2023-12-31,Out,48.57,Shopping
2024-01-01,In,15665.98,Salary
2024-01-03,Out,39.38,Shopping
2024-01-04,Out,123.65,Grocery
2024-01-05,Out,166.53,Grocery
2024-01-05,Out,168.66,Transport
2024-01-08,Out,84.99,Shopping
2024-01-11,Out,151.17,Grocery
2024-01-11,Out,13.11,Transport
2024-01-14,Out,159.57,Entertainment
2024-01-15,Out,352.01,Utilities
2024-01-15,Out,147.16,Grocery
2024-01-16,Out,197.02,Grocery
2024-01-16,Out,16.09,Transport
2024-01-18,Out,75.39,Others
2024-01-19,Out,24.99,Shopping
2024-01-22,Out,207.62,Others
2024-01-24,Out,160.29,Grocery
2024-01-26,Out,210.61,Grocery
2024-01-27,Out,129.24,Shopping
2024-01-30,Out,127.8,Grocery
2024-02-01,Out,169.46,Grocery
2024-02-01,Out,6.45,Entertainment
2024-02-01,In,14588.36,Salary
2024-02-02,Out,179.62,Grocery
2024-02-02,Out,151.9,Entertainment
2024-02-03,Out,169.51,Grocery
2024-02-04,Out,24.04,Shopping
2024-02-05,Out,96.67,Entertainment
2024-02-06,Out,147.02,Grocery
2024-02-06,Out,79.09,Others
2024-02-08,Out,17.08,Transport
2024-02-11,Out,2.48,Others
2024-02-12,Out,46.51,Entertainment
2024-02-13,Out,161.25,Grocery
2024-02-14,Out,127.28,Grocery
2024-02-15,Out,129.57,Grocery
2024-02-15,Out,306.41,Utilities
2024-02-17,Out,144.81,Grocery
2024-02-18,Out,89.05,Transport
2024-02-21,Out,129.36,Grocery
2024-02-21,Out,63.46,Shopping
2024-02-24,Out,156.25,Grocery
2024-02-24,Out,32.38,Transport
2024-02-25,Out,29.16,Entertainment
2024-02-27,Out,13.75,Transport
2024-02-28,Out,169.91,Transport
2024-02-29,Out,58.45,Entertainment
2024-03-01,In,14682.54,Salary
2024-03-06,Out,13.43,Entertainment
2024-03-07,Out,21.29,Transport
2024-03-07,Out,88.75,Grocery
2024-03-11,Out,13.23,Entertainment
2024-03-12,Out,420.65,Transport
2024-03-13,Out,38.72,Transport
2024-03-14,Out,182.73,Grocery
2024-03-15,Out,294.46,Utilities
2024-03-16,Out,329.55,Others
2024-03-18,Out,37.75,Others
2024-03-20,Out,67.3,Entertainment
2024-03-21,Out,47.03,Transport
2024-03-22,Out,94.36,Others
2024-03-25,Out,43.11,Entertainment
2024-03-27,Out,67.41,Entertainment
2024-03-28,Out,38.19,Shopping
2024-03-29,Out,111.37,Others
2024-03-30,Out,20.06,Entertainment
2024-03-31,Out,152.3,Grocery
2024-03-31,Out,132.41,Transport
2024-04-01,In,15263.86,Salary
2024-04-02,Out,33.38,Others
2024-04-03,Out,111.51,Grocery
2024-04-07,Out,140.19,Grocery
2024-04-07,Out,56.81,Others
2024-04-08,Out,133.47,Grocery
2024-04-09,Out,155.73,Grocery
2024-04-11,Out,29.27,Transport
2024-04-14,Out,2.28,Transport
2024-04-15,Out,255.27,Utilities
2024-04-15,Out,151.92,Grocery
2024-04-15,Out,15.65,Shopping
2024-04-17,Out,88.48,Shopping
2024-04-18,Out,1.33,Entertainment
2024-04-20,Out,200.47,Entertainment
2024-04-24,Out,69.66,Shopping
2024-05-01,In,15038.58,Salary
2024-05-02,Out,58.98,Transport
2024-05-07,Out,66.33,Others
2024-05-09,Out,149.27,Others
2024-05-11,Out,12.1,Others
2024-05-15,Out,306.03,Utilities
2024-05-15,Out,16.34,Shopping
2024-05-16,Out,232.02,Others
2024-05-17,Out,204.35,Entertainment
2024-05-18,Out,161.71,Grocery
2024-05-21,Out,116.7,Grocery
2024-05-24,Out,159.88,Grocery
2024-05-24,Out,26.25,Transport
2024-05-25,Out,247.11,Others
2024-05-26,Out,161.84,Grocery
2024-05-28,Out,226.38,Grocery
2024-05-29,Out,33.56,Entertainment
2024-05-30,Out,20.27,Transport
2024-06-01,In,15702.12,Salary
2024-06-03,Out,162.39,Grocery
2024-06-04,Out,165.08,Grocery
2024-06-05,Out,28.08,Shopping
2024-06-07,Out,67.69,Entertainment
2024-06-07,Out,139.18,Grocery
2024-06-08,Out,170.01,Grocery
2024-06-10,Out,31.29,Entertainment
2024-06-11,Out,103.51,Grocery
2024-06-12,Out,6.21,Others
2024-06-14,Out,31.57,Shopping
2024-06-15,Out,301.7,Utilities
2024-06-15,Out,126.9,Grocery
2024-06-16,Out,180.93,Grocery
2024-06-17,Out,30.37,Entertainment
2024-06-18,Out,153.26,Grocery
2024-06-18,Out,33.82,Shopping
2024-06-20,Out,166.75,Grocery
2024-06-20,Out,87.84,Transport
2024-06-21,Out,152.28,Grocery
2024-06-23,Out,79.93,Grocery
2024-06-23,Out,274.2,Entertainment
2024-06-27,Out,135.02,Grocery
2024-06-28,Out,165.11,Grocery
2024-06-29,Out,22.9,Entertainment
2024-06-29,Out,167.47,Grocery
2024-06-30,Out,20.49,Transport
2024-07-01,Out,44.46,Others
2024-07-01,In,15090.99,Salary
2024-07-02,Out,115.73,Shopping
2024-07-04,Out,136.84,Grocery
2024-07-06,Out,6.33,Transport
2024-07-07,Out,184.99,Grocery
2024-07-07,Out,18.98,Entertainment
2024-07-09,Out,148.55,Others
2024-07-10,Out,171.4,Entertainment
2024-07-11,Out,74.23,Grocery
2024-07-11,Out,34.36,Others
2024-07-13,Out,151.92,Grocery
2024-07-13,Out,112.45,Others
2024-07-14,Out,52.91,Entertainment
2024-07-15,Out,136.23,Grocery
2024-07-15,Out,69.2,Shopping
2024-07-15,Out,336.29,Utilities
2024-07-16,Out,129.34,Grocery
2024-07-17,Out,148.12,Grocery
2024-07-18,Out,11.51,Transport
2024-07-19,Out,14.68,Others
2024-07-20,Out,154.82,Grocery
2024-07-21,Out,73.34,Others
2024-07-24,Out,55.91,Entertainment
2024-07-26,Out,40.36,Shopping
2024-07-29,Out,150.09,Grocery
2024-07-31,Out,5.01,Others
2024-08-01,In,14838.85,Salary
2024-08-01,Out,59.55,Shopping
2024-08-02,Out,12.12,Entertainment
2024-08-03,Out,185.05,Grocery
2024-08-04,Out,46.14,Transport
2024-08-05,Out,8.08,Others
2024-08-07,Out,137.85,Entertainment
2024-08-08,Out,124.11,Grocery
2024-08-11,Out,146.29,Grocery
2024-08-12,Out,179.28,Grocery
2024-08-13,Out,2.91,Shopping
2024-08-14,Out,5.54,Others
2024-08-15,Out,300.5,Utilities
2024-08-20,Out,133.72,Grocery
2024-08-21,Out,178.46,Grocery
2024-08-22,Out,151.05,Grocery
2024-08-23,Out,22.12,Others
2024-08-25,Out,259.31,Transport
2024-08-26,Out,119.68,Grocery
2024-08-28,Out,3.35,Transport
2024-08-29,Out,34.91,Shopping
2024-08-30,Out,13.41,Others
2024-08-31,Out,16.5,Entertainment
2024-08-31,Out,147.98,Grocery
2024-09-01,Out,172.39,Grocery
2024-09-01,In,16277.82,Salary
2024-09-01,Out,58.9,Transport
2024-09-05,Out,139.19,Grocery
2024-09-07,Out,147.17,Grocery
2024-09-08,Out,52.87,Others
2024-09-11,Out,12.33,Entertainment
2024-09-13,Out,46.43,Others
2024-09-15,Out,16.17,Others
2024-09-15,Out,295.71,Utilities
2024-09-16,Out,60.74,Others
2024-09-18,Out,58.03,Others
2024-09-19,Out,126.45,Grocery
2024-09-20,Out,12.09,Shopping
2024-09-22,Out,169.45,Grocery
2024-09-22,Out,77.33,Entertainment
2024-09-25,Out,72.49,Others
2024-09-26,Out,106.66,Grocery
2024-09-28,Out,100.16,Grocery
2024-09-28,Out,91.04,Others
2024-09-30,Out,130.74,Transport
2024-10-01,In,15432.11,Salary
2024-10-01,Out,89.16,Others
2024-10-04,Out,29.83,Shopping
2024-10-05,Out,132.52,Grocery
2024-10-07,Out,144.86,Grocery
2024-10-07,Out,76.12,Others
2024-10-08,Out,39.56,Entertainment
2024-10-10,Out,62.53,Entertainment
2024-10-11,Out,1.84,Entertainment
2024-10-14,Out,137.66,Grocery
2024-10-14,Out,46.46,Others
2024-10-15,Out,326.44,Utilities
2024-10-16,Out,6.3,Shopping
2024-10-18,Out,4.42,Entertainment
2024-10-19,Out,104.39,Others
2024-10-20,Out,24.92,Entertainment
2024-10-21,Out,123.66,Grocery
2024-10-22,Out,106.85,Entertainment
2024-10-22,Out,125.19,Grocery
2024-10-23,Out,12.75,Others
2024-10-24,Out,153.05,Grocery
2024-10-26,Out,116.07,Grocery
2024-10-28,Out,40.7,Others
2024-10-30,Out,96.87,Transport
2024-11-01,In,15578.76,Salary
2024-11-02,Out,12.3,Others
2024-11-03,Out,86.34,Transport
2024-11-04,Out,147.53,Entertainment
2024-11-07,Out,81.84,Transport
2024-11-07,Out,142.9,Grocery
2024-11-10,Out,53.89,Others
2024-11-15,Out,10.12,Shopping
2024-11-15,Out,357.51,Utilities
2024-11-17,Out,159.52,Grocery
2024-11-18,Out,46.76,Others
2024-11-18,Out,149.04,Grocery
2024-11-19,Out,45.07,Shopping
2024-11-19,Out,187.94,Grocery
2024-11-21,Out,55.57,Others
2024-11-23,Out,77.18,Shopping
2024-11-23,Out,136.11,Grocery
2024-11-25,Out,145.96,Shopping
2024-11-25,Out,179.48,Grocery
2024-11-26,Out,53.05,Others
2024-11-27,Out,169.69,Grocery
2024-11-27,Out,168.32,Others
2024-11-28,Out,120.18,Entertainment
2024-11-29,Out,155.75,Grocery
2024-12-01,In,14832.63,Salary
2024-12-02,Out,160.23,Shopping
2024-12-03,Out,87.08,Shopping
2024-12-05,Out,98.62,Transport
2024-12-06,Out,187.77,Entertainment
2024-12-07,Out,47.78,Shopping
2024-12-08,Out,22.01,Entertainment
2024-12-09,Out,14.32,Transport
2024-12-10,Out,157.24,Grocery
2024-12-10,Out,95.23,Shopping
2024-12-11,Out,130.12,Grocery
2024-12-15,Out,198.52,Utilities
2024-12-15,Out,84.57,Entertainment
2024-12-16,Out,85.85,Entertainment
2024-12-17,Out,136.07,Shopping
2024-12-18,Out,33.52,Transport
2024-12-18,Out,176.04,Grocery
2024-12-19,Out,79.42,Entertainment
2024-12-19,Out,138.66,Grocery
2024-12-20,Out,123.53,Others
2024-12-21,Out,178.29,Shopping
2024-12-22,Out,19.28,Transport
2024-12-22,Out,138.62,Grocery
2024-12-23,Out,282.27,Entertainment
2024-12-24,Out,41.04,Entertainment
2024-12-25,Out,146.58,Shopping
2024-12-31,Out,9.61,Others
2025-01-01,In,15272.81,Salary
2025-01-01,Out,0.94,Others
2025-01-01,Out,115.84,Grocery
2025-01-02,Out,172.36,Grocery
2025-01-03,Out,123.42,Grocery
2025-01-04,Out,31.21,Others
2025-01-05,Out,146.87,Grocery
2025-01-06,Out,144.94,Grocery
2025-01-08,Out,133.51,Shopping
2025-01-10,Out,152.19,Entertainment
2025-01-15,Out,293.13,Utilities
2025-01-17,Out,178.59,Grocery
2025-01-18,Out,142.3,Grocery
2025-01-21,Out,22.02,Transport
2025-01-22,Out,77.92,Grocery
2025-01-23,Out,47.57,Transport
2025-01-25,Out,104.86,Grocery
2025-01-25,Out,54.51,Entertainment
2025-01-26,Out,134.37,Others
2025-01-27,Out,121.68,Transport
2025-01-27,Out,172.8,Grocery
2025-01-28,Out,134.75,Grocery
2025-01-28,Out,127.24,Transport
2025-01-29,Out,31.76,Shopping
2025-01-30,Out,84.39,Entertainment
2025-01-31,Out,24.09,Transport
2025-02-01,In,15600.46,Salary
2025-02-03,Out,146.54,Grocery
2025-02-04,Out,170.64,Grocery
2025-02-04,Out,94.82,Shopping
2025-02-05,Out,162.59,Grocery
2025-02-06,Out,36.32,Shopping
2025-02-07,Out,68.04,Others
2025-02-08,Out,6.27,Shopping
2025-02-12,Out,9.23,Shopping
2025-02-14,Out,41.12,Shopping
2025-02-14,Out,115.69,Grocery
2025-02-15,Out,38.23,Transport
2025-02-15,Out,305.43,Utilities
2025-02-16,Out,91.22,Grocery
2025-02-19,Out,27.43,Entertainment
2025-02-20,Out,36.37,Shopping
2025-02-22,Out,65.46,Entertainment
2025-02-23,Out,37.44,Others
2025-02-24,Out,42.23,Others
2025-02-25,Out,171.98,Grocery
2025-02-26,Out,54.62,Entertainment
2025-02-27,Out,5.58,Entertainment
2025-02-28,Out,140.87,Others
2025-03-01,Out,331.94,Transport
2025-03-01,In,14969.5,Salary
2025-03-02,Out,17.57,Shopping
2025-03-02,Out,116.56,Grocery
2025-03-03,Out,1.77,Shopping
2025-03-04,Out,152.93,Grocery
2025-03-05,Out,137.59,Grocery
2025-03-05,Out,48.18,Entertainment
2025-03-07,Out,243.58,Others
2025-03-08,Out,182.13,Grocery
2025-03-11,Out,169.69,Grocery
2025-03-11,Out,131.5,Transport
2025-03-12,Out,135.28,Grocery
2025-03-12,Out,31.44,Others
2025-03-13,Out,155.12,Grocery
2025-03-13,Out,65.6,Transport
2025-03-15,Out,363.01,Utilities
2025-03-18,Out,37.71,Others
2025-03-20,Out,67.42,Entertainment
2025-03-22,Out,117.23,Others
2025-03-23,Out,262.02,Shopping
2025-03-23,Out,139.15,Grocery
2025-03-26,Out,25.24,Transport
2025-04-01,In,15732.85,Salary
2025-04-03,Out,209.04,Grocery
2025-04-03,Out,76.67,Transport
2025-04-04,Out,161.22,Shopping
2025-04-05,Out,176.56,Grocery
2025-04-06,Out,173.67,Grocery
2025-04-11,Out,392.28,Others
2025-04-12,Out,165.45,Grocery
2025-04-12,Out,105.01,Transport
2025-04-15,Out,335.78,Utilities
2025-04-15,Out,196.19,Grocery
2025-04-15,Out,87.21,Shopping
2025-04-16,Out,129.12,Grocery
2025-04-16,Out,8.82,Others
2025-04-18,Out,128.52,Grocery
2025-04-19,Out,160.08,Grocery
2025-04-20,Out,179.44,Grocery
2025-04-20,Out,149.3,Shopping
2025-04-24,Out,187.07,Grocery
2025-04-27,Out,150.24,Grocery
2025-04-29,Out,180.11,Grocery
2025-04-30,Out,175.3,Grocery
2025-05-01,In,15244.68,Salary
2025-05-02,Out,166.78,Grocery
2025-05-03,Out,74.48,Shopping
2025-05-03,Out,95.0,Grocery
2025-05-04,Out,149.16,Grocery
2025-05-05,Out,166.81,Grocery
2025-05-09,Out,131.53,Grocery
2025-05-10,Out,62.43,Entertainment
2025-05-13,Out,249.48,Transport
2025-05-14,Out,152.35,Grocery
2025-05-15,Out,272.26,Utilities
2025-05-16,Out,166.5,Grocery
2025-05-16,Out,24.48,Shopping
2025-05-18,Out,114.18,Others
2025-05-18,Out,139.2,Grocery
2025-05-19,Out,51.77,Shopping
2025-05-21,Out,34.5,Others
2025-05-22,Out,141.41,Grocery
2025-05-27,Out,200.31,Others
2025-05-27,Out,159.82,Grocery
2025-05-28,Out,77.64,Transport
2025-05-30,Out,3.3,Transport
2025-05-31,Out,151.23,Grocery
2025-05-31,Out,135.35,Entertainment
2025-06-01,Out,119.93,Grocery
2025-06-01,In,15399.15,Salary
2025-06-03,Out,99.94,Entertainment
2025-06-05,Out,166.14,Grocery
2025-06-06,Out,111.54,Shopping
2025-06-07,Out,148.75,Grocery
2025-06-07,Out,145.94,Entertainment
2025-06-08,Out,23.15,Others
2025-06-08,Out,170.19,Grocery
2025-06-09,Out,100.75,Shopping
2025-06-10,Out,0.1,Shopping
2025-06-14,Out,17.4,Shopping
2025-06-15,Out,329.59,Utilities
2025-06-15,Out,19.43,Entertainment
2025-06-17,Out,175.47,Grocery
2025-06-18,Out,203.18,Grocery
2025-06-21,Out,173.05,Grocery
2025-06-22,Out,24.25,Transport
2025-06-25,Out,187.11,Others
2025-06-25,Out,193.44,Grocery
2025-06-27,Out,183.44,Grocery
2025-06-28,Out,3.42,Transport
2025-06-30,Out,183.42,Grocery
2025-07-01,In,15244.15,Salary
2025-07-01,Out,24.09,Entertainment
2025-07-03,Out,218.67,Grocery
2025-07-05,Out,397.09,Entertainment
2025-07-06,Out,242.6,Others
2025-07-09,Out,46.07,Entertainment
2025-07-10,Out,73.03,Entertainment
2025-07-11,Out,103.3,Grocery
2025-07-12,Out,89.88,Shopping
2025-07-14,Out,48.6,Others
2025-07-15,Out,247.13,Utilities
2025-07-20,Out,123.8,Others
2025-07-22,Out,127.51,Grocery
2025-07-23,Out,25.57,Others
2025-07-23,Out,212.99,Grocery
2025-07-27,Out,4.46,Shopping
2025-07-27,Out,142.59,Grocery
2025-07-28,Out,116.18,Others
2025-08-01,Out,137.36,Transport
2025-08-01,In,16471.14,Salary
2025-08-02,Out,137.79,Grocery
2025-08-05,Out,32.66,Shopping
2025-08-09,Out,22.11,Others
2025-08-11,Out,170.59,Grocery
2025-08-11,Out,5.36,Shopping
2025-08-13,Out,130.63,Entertainment
2025-08-13,Out,176.98,Grocery
2025-08-15,Out,108.79,Transport
2025-08-15,Out,134.87,Grocery
2025-08-15,Out,337.23,Utilities
2025-08-16,Out,33.73,Transport
2025-08-17,Out,27.2,Transport
2025-08-19,Out,27.84,Shopping
2025-08-19,Out,147.55,Grocery
2025-08-22,Out,93.52,Shopping
2025-08-23,Out,139.24,Grocery
2025-08-24,Out,107.81,Entertainment
2025-08-26,Out,125.28,Grocery
2025-08-27,Out,113.78,Transport
2025-08-28,Out,140.26,Grocery
2025-08-28,Out,223.5,Shopping
2025-08-30,Out,219.01,Grocery
2025-08-31,Out,202.65,Others
2025-09-01,Out,142.52,Transport
2025-09-01,In,15538.25,Salary
2025-09-01,Out,141.77,Grocery
2025-09-02,Out,156.61,Grocery
2025-09-03,Out,111.03,Grocery
2025-09-07,Out,115.71,Others
2025-09-08,Out,114.3,Shopping
2025-09-09,Out,113.33,Grocery
2025-09-11,Out,176.71,Grocery
2025-09-12,Out,52.71,Shopping
2025-09-13,Out,244.31,Entertainment
2025-09-14,Out,10.59,Entertainment
2025-09-15,Out,328.76,Utilities
2025-09-16,Out,127.13,Transport
2025-09-17,Out,73.54,Shopping
2025-09-19,Out,13.33,Transport
2025-09-20,Out,27.48,Shopping
2025-09-23,Out,32.99,Entertainment
2025-09-25,Out,35.12,Others
2025-09-27,Out,113.9,Others
2025-09-28,Out,24.41,Entertainment
2025-09-30,Out,59.52,Others
2025-09-30,Out,162.15,Grocery
2025-10-01,In,15016.14,Salary
2025-10-03,Out,23.02,Entertainment
2025-10-06,Out,67.86,Shopping
2025-10-07,Out,148.73,Grocery
2025-10-08,Out,155.92,Grocery
2025-10-09,Out,1.14,Shopping
2025-10-13,Out,125.62,Grocery
2025-10-13,Out,14.34,Shopping
2025-10-14,Out,166.54,Grocery
2025-10-14,Out,66.43,Entertainment
2025-10-15,Out,74.06,Transport
2025-10-15,Out,317.03,Utilities
2025-10-16,Out,44.87,Transport
2025-10-17,Out,172.74,Grocery
2025-10-18,Out,193.77,Grocery
2025-10-21,Out,160.51,Grocery
2025-10-23,Out,59.37,Transport
2025-10-24,Out,158.94,Grocery
2025-10-25,Out,158.83,Grocery
2025-10-26,Out,18.1,Transport
2025-10-26,Out,142.97,Grocery
2025-10-27,Out,142.61,Grocery
2025-10-28,Out,170.93,Grocery
2025-10-29,Out,30.38,Entertainment
2025-11-01,Out,192.51,Grocery
2025-11-01,In,15956.27,Salary
2025-11-02,Out,34.79,Transport
2025-11-03,Out,170.44,Grocery
2025-11-06,Out,137.39,Grocery
2025-11-09,Out,190.88,Grocery
2025-11-12,Out,100.06,Grocery
2025-11-13,Out,198.78,Grocery
2025-11-13,Out,24.75,Shopping
2025-11-15,Out,135.23,Grocery
2025-11-15,Out,15.4,Transport
2025-11-15,Out,265.04,Utilities
2025-11-18,Out,193.83,Shopping
2025-11-20,Out,132.26,Transport
2025-11-21,Out,124.29,Transport
2025-11-22,Out,52.84,Shopping
2025-11-23,Out,169.14,Grocery
2025-11-23,Out,132.4,Shopping
2025-11-24,Out,141.4,Grocery
2025-11-28,Out,120.37,Grocery
2025-11-29,Out,13.55,Others
2025-11-29,Out,166.04,Grocery
2025-12-01,Out,58.46,Entertainment
2025-12-01,In,14934.58,Salary
2025-12-02,Out,128.71,Grocery
2025-12-02,Out,18.86,Transport
2025-12-03,Out,112.24,Grocery
2025-12-03,Out,13.7,Shopping
2025-12-04,Out,18.59,Others
2025-12-09,Out,165.91,Grocery
2025-12-10,Out,91.25,Grocery
2025-12-14,Out,172.47,Grocery
2025-12-15,Out,355.44,Utilities
2025-12-18,Out,94.05,Others
2025-12-19,Out,158.42,Grocery
2025-12-21,Out,117.61,Entertainment
2025-12-24,Out,202.76,Grocery
2025-12-25,Out,24.73,Entertainment
2025-12-26,Out,141.73,Grocery
2025-12-27,Out,78.38,Transport
2025-12-29,Out,214.26,Entertainment
2025-12-30,Out,32.37,Others
